t,valid,e_fwd,e_right,u_fwd,u_lat,inliers,blue_full,red_visible,range_est,depth,height_state,true_n,true_e,true_d
0.0,1,-0.0047,0.0052,-2.1,2.3,604,0,0,,2.076,,-0.007,-0.002,2.04
0.105,1,-0.0053,0.0062,-2.9,3.7,629,0,0,,2.081,,-0.008,-0.002,2.04
0.21,1,-0.0053,0.0065,-2.9,3.9,603,0,0,,2.085,,-0.009,-0.002,2.04
0.31,1,-0.0047,0.0062,-2.0,3.4,585,0,0,,2.089,,-0.008,-0.001,2.05
0.415,1,-0.0033,0.0052,-0.5,2.0,579,0,0,,2.093,,-0.007,-0.0,2.05
0.52,1,-0.0014,0.0034,1.5,0.1,559,0,0,,2.098,,-0.004,0.001,2.05
0.625,1,0.0002,0.0017,2.6,-1.3,554,0,0,,2.1,,-0.002,0.001,2.05
0.727,1,0.0014,0.0003,3.1,-2.2,500,0,0,,2.101,,-0.0,0.001,2.06
0.832,1,0.0024,-0.0008,3.2,-2.4,470,0,0,,2.102,,0.001,0.002,2.06
0.937,1,0.0026,-0.0021,2.6,-3.1,463,0,0,,2.103,,0.002,0.001,2.06
1.042,1,0.0021,-0.0026,1.3,-2.6,496,0,0,,2.104,,0.002,0.001,2.06
1.147,1,0.0016,-0.0024,0.4,-1.6,479,0,0,,2.105,,0.002,0.0,2.06
1.252,1,0.0001,-0.0016,-1.5,-0.2,493,0,0,,2.104,,0.0,-0.0,2.06
1.357,1,-0.0011,-0.0004,-2.6,1.3,459,0,0,,2.103,,-0.001,-0.001,2.06
1.462,1,-0.002,0.0005,-3.1,2.1,469,0,0,,2.102,,-0.002,-0.001,2.06
1.567,1,-0.0021,0.0007,-2.5,1.8,502,0,0,,2.101,,-0.003,-0.001,2.06
1.669,1,-0.0012,0.0004,-0.8,0.9,531,0,0,,2.099,,-0.002,-0.001,2.05
1.774,1,-0.0,-0.0007,0.7,-0.7,543,0,0,,2.098,,-0.0,-0.0,2.05
1.879,1,0.0013,-0.0019,2.0,-2.0,523,0,0,,2.095,,0.001,0.0,2.05
1.984,1,0.0023,-0.0027,2.8,-2.4,526,0,0,,2.092,,0.003,0.001,2.05
2.089,1,0.0024,-0.0028,2.1,-2.0,608,0,0,,2.09,,0.003,0.001,2.04
2.192,1,0.0021,-0.0021,1.3,-0.7,567,0,0,,2.087,,0.002,0.001,2.04
2.297,1,0.0012,-0.0009,-0.1,0.9,603,0,0,,2.084,,0.001,0.001,2.04
2.402,1,-0.0001,0.0007,-1.7,2.6,584,0,0,,2.08,,-0.001,0.0,2.04
2.507,1,-0.0017,0.0018,-3.2,3.2,547,0,0,,2.076,,-0.002,-0.0,2.03
2.612,1,-0.002,0.0024,-2.8,3.3,665,0,0,,2.073,,-0.003,-0.001,2.03
2.717,1,-0.0019,0.0023,-2.0,2.4,612,0,0,,2.07,,-0.003,-0.001,2.03
2.821,1,-0.001,0.001,-0.5,0.3,627,0,0,,2.066,,-0.001,-0.001,2.03
2.928,1,0.0002,-0.0004,1.0,-1.3,654,0,0,,2.066,,0.001,-0.0,2.02
3.033,1,0.0013,-0.002,2.0,-2.8,668,0,0,,2.066,,0.002,0.0,2.02
3.135,1,0.0018,-0.0025,2.1,-2.7,672,0,0,,2.065,,0.003,0.0,2.02
3.239,1,0.0016,-0.0026,1.2,-2.1,619,0,0,,2.065,,0.003,0.0,2.02
3.344,1,0.0009,-0.0021,0.0,-1.0,645,0,0,,2.065,,0.002,-0.0,2.02
3.449,1,-0.0002,-0.0012,-1.3,0.3,620,0,0,,2.065,,0.0,-0.001,2.02
3.554,1,-0.0013,0.0004,-2.4,2.2,632,0,0,,2.064,,-0.001,-0.001,2.02
3.659,1,-0.0018,0.0016,-2.5,3.1,560,0,0,,2.064,,-0.003,-0.001,2.02
3.764,1,-0.0022,0.002,-2.4,2.7,651,0,0,,2.065,,-0.003,-0.001,2.03
3.869,1,-0.0016,0.0019,-1.2,1.9,645,0,0,,2.067,,-0.003,-0.0,2.03
3.972,1,-0.0005,0.0011,0.2,0.6,622,0,0,,2.069,,-0.002,0.0,2.03
4.078,1,0.0013,-0.0,2.3,-0.8,636,0,0,,2.072,,0.0,0.001,2.03
4.183,1,0.0026,-0.0015,3.3,-2.3,610,0,0,,2.075,,0.002,0.002,2.04
4.288,1,0.0034,-0.002,3.5,-2.3,601,0,0,,2.077,,0.003,0.002,2.04
4.392,1,0.0034,-0.0021,2.7,-1.8,597,0,0,,2.079,,0.003,0.002,2.04
4.497,1,0.0028,-0.0016,1.4,-0.7,602,0,0,,2.082,,0.002,0.002,2.04
4.6,1,0.0018,-0.0006,0.0,0.7,602,0,0,,2.085,,0.001,0.001,2.04
4.7,1,0.0004,0.0008,-1.5,2.3,570,0,0,,2.088,,-0.001,0.001,2.05
4.805,1,-0.0012,0.002,-2.9,3.2,499,0,0,,2.09,,-0.003,0.0,2.05
4.911,1,-0.0019,0.0027,-2.9,3.3,547,0,0,,2.093,,-0.004,-0.0,2.05
5.013,1,-0.0019,0.0027,-2.2,2.7,541,0,0,,2.095,,-0.004,-0.001,2.05
5.117,1,-0.0015,0.0017,-1.2,0.8,551,0,0,,2.098,,-0.003,-0.0,2.05
5.222,1,-0.0001,0.0002,0.8,-1.0,558,0,0,,2.098,,-0.001,0.0,2.05
5.325,1,0.0014,-0.0016,2.4,-2.9,568,0,0,,2.098,,0.001,0.001,2.05
5.43,1,0.0022,-0.0026,2.8,-3.2,571,0,0,,2.097,,0.003,0.001,2.05
5.536,1,0.0027,-0.0031,2.7,-3.0,523,0,0,,2.096,,0.003,0.001,2.05
5.638,1,0.0022,-0.0029,1.5,-2.0,549,0,0,,2.095,,0.002,0.001,2.05
5.743,1,0.0009,-0.002,-0.4,-0.6,543,0,0,,2.094,,0.001,0.0,2.05
5.847,1,-0.0004,-0.0004,-1.8,1.5,556,0,0,,2.092,,-0.001,-0.0,2.05
5.952,1,-0.0017,0.0013,-2.9,3.1,559,0,0,,2.091,,-0.003,-0.001,2.05
6.054,1,-0.0025,0.0024,-3.1,3.7,540,0,0,,2.09,,-0.004,-0.001,2.05
6.158,1,-0.0027,0.0031,-2.6,3.6,563,0,0,,2.09,,-0.004,-0.001,2.05
6.26,1,-0.0021,0.0028,-1.3,2.5,544,0,0,,2.089,,-0.004,-0.001,2.05
6.365,1,-0.0011,0.002,0.1,1.1,608,0,0,,2.089,,-0.002,-0.0,2.04
6.47,1,0.0004,0.0005,1.8,-0.8,590,0,0,,2.089,,-0.0,0.0,2.04
6.575,1,0.002,-0.0013,3.3,-2.6,573,0,0,,2.088,,0.002,0.001,2.04
6.68,1,0.0028,-0.0023,3.4,-3.0,621,0,0,,2.087,,0.003,0.001,2.04
6.785,1,0.0027,-0.0024,2.4,-2.4,580,0,0,,2.087,,0.003,0.001,2.04
6.89,1,0.0023,-0.0022,1.5,-1.5,599,0,0,,2.086,,0.003,0.001,2.04
6.995,1,0.0012,-0.0014,-0.1,-0.2,587,0,0,,2.084,,0.001,0.0,2.04
7.1,1,-0.0003,-0.0001,-1.8,1.4,596,0,0,,2.083,,-0.001,-0.0,2.04
7.205,1,-0.0018,0.0012,-3.1,2.7,650,0,0,,2.081,,-0.003,-0.001,2.03
7.306,1,-0.0026,0.0018,-3.3,2.7,631,0,0,,2.08,,-0.004,-0.001,2.03
7.411,1,-0.0029,0.0018,-2.9,2.1,630,0,0,,2.078,,-0.004,-0.001,2.03
7.515,1,-0.0022,0.0013,-1.4,1.0,625,0,0,,2.076,,-0.003,-0.001,2.03
7.617,1,-0.0014,0.0008,-0.2,0.3,648,0,0,,2.074,,-0.002,-0.001,2.03
7.717,1,-0.0001,-0.0006,1.3,-1.4,658,0,0,,2.073,,-0.0,-0.0,2.03
7.82,1,0.0012,-0.0018,2.5,-2.5,652,0,0,,2.072,,0.002,0.0,2.03
7.922,1,0.0017,-0.0022,2.4,-2.3,655,0,0,,2.073,,0.002,0.0,2.03
8.025,1,0.0017,-0.0021,1.7,-1.6,634,0,0,,2.074,,0.002,0.0,2.03
8.127,1,0.0012,-0.0016,0.6,-0.6,661,0,0,,2.075,,0.002,0.0,2.03
8.232,1,0.0001,-0.0004,-0.9,0.9,626,0,0,,2.077,,0.0,-0.0,2.03
8.337,1,-0.0015,0.0011,-2.6,2.5,600,0,0,,2.077,,-0.002,-0.001,2.04
8.442,1,-0.0024,0.0018,-3.1,2.7,605,0,0,,2.078,,-0.003,-0.001,2.04
8.547,1,-0.0025,0.0018,-2.5,2.1,606,0,0,,2.079,,-0.003,-0.001,2.04
8.652,1,-0.0019,0.0012,-1.3,0.9,594,0,0,,2.081,,-0.003,-0.001,2.04
8.753,1,-0.0011,0.0004,-0.1,-0.3,609,0,0,,2.082,,-0.001,-0.001,2.04
8.858,1,0.0005,-0.0013,1.7,-2.2,600,0,0,,2.085,,0.001,-0.0,2.04
8.96,1,0.0016,-0.0028,2.6,-3.6,521,0,0,,2.087,,0.002,0.0,2.05
9.062,1,0.0023,-0.0033,2.8,-3.3,543,0,0,,2.089,,0.003,0.001,2.05
9.167,1,0.0021,-0.0031,1.8,-2.3,556,0,0,,2.091,,0.003,0.0,2.05
9.271,1,0.0013,-0.0022,0.3,-0.8,555,0,0,,2.093,,0.002,0.0,2.05
9.376,1,0.0003,-0.0008,-0.9,1.0,560,0,0,,2.095,,0.0,-0.0,2.05
9.481,1,-0.0007,0.0005,-1.8,2.1,557,0,0,,2.097,,-0.001,-0.001,2.05
9.586,1,-0.0013,0.0011,-2.0,2.2,495,0,0,,2.098,,-0.002,-0.001,2.06
9.687,1,-0.001,0.0011,-1.1,1.5,491,0,0,,2.098,,-0.002,-0.0,2.06
9.792,1,-0.0,0.0006,0.4,0.5,514,0,0,,2.099,,-0.001,0.0,2.06
9.897,1,0.0011,-0.0004,1.7,-0.9,525,0,0,,2.1,,0.001,0.001,2.06
10.002,1,0.0022,-0.0014,2.6,-2.0,486,0,0,,2.101,,0.002,0.001,2.06
10.106,1,0.0028,-0.0019,2.9,-2.1,558,0,0,,2.101,,0.003,0.001,2.05
10.208,1,0.0028,-0.0019,2.3,-1.7,519,0,0,,2.101,,0.002,0.001,2.05
10.313,1,0.002,-0.0013,0.9,-0.6,521,0,0,,2.1,,0.001,0.001,2.05
10.417,1,0.0007,0.0005,-0.9,1.7,537,0,0,,2.098,,-0.001,0.001,2.05
10.519,1,-0.0009,0.0019,-2.4,3.0,548,0,0,,2.093,,-0.003,0.0,2.05
10.622,1,-0.0017,0.0027,-2.7,3.3,566,0,0,,2.093,,-0.004,-0.0,2.05
10.727,1,-0.0019,0.003,-2.2,2.9,607,0,0,,2.088,,-0.004,-0.0,2.04
10.832,1,-0.0015,0.0028,-1.1,2.0,599,0,0,,2.085,,-0.004,0.0,2.04
10.937,1,-0.0005,0.0018,0.4,0.5,600,0,0,,2.082,,-0.002,0.0,2.04
11.037,1,0.0009,0.0005,2.1,-1.0,601,0,0,,2.08,,-0.001,0.001,2.04
11.142,1,0.0022,-0.0007,3.1,-2.1,600,0,0,,2.078,,0.001,0.001,2.04
11.247,1,0.0026,-0.0016,2.9,-2.5,591,0,0,,2.076,,0.002,0.002,2.04
11.35,1,0.0024,-0.0018,2.1,-2.1,548,0,0,,2.075,,0.002,0.001,2.04
11.455,1,0.0021,-0.0011,1.3,-0.7,613,0,0,,2.074,,0.001,0.001,2.04
11.56,1,0.0007,-0.0001,-0.5,0.8,583,0,0,,2.074,,-0.0,0.001,2.04
11.661,1,-0.0007,0.0014,-2.0,2.4,602,0,0,,2.074,,-0.002,-0.0,2.04
11.764,1,-0.0019,0.0023,-2.9,3.0,594,0,0,,2.076,,-0.003,-0.001,2.04
11.869,1,-0.0023,0.0025,-2.6,2.5,577,0,0,,2.078,,-0.004,-0.001,2.04
11.971,1,-0.0017,0.0019,-1.1,1.3,604,0,0,,2.08,,-0.003,-0.001,2.04
12.075,1,-0.0007,0.0009,0.3,-0.1,569,0,0,,2.083,,-0.002,-0.0,2.04
12.177,1,0.0005,-0.0007,1.7,-1.9,611,0,0,,2.085,,-0.0,0.0,2.04
12.282,1,0.0016,-0.0017,2.6,-2.5,615,0,0,,2.088,,0.002,0.001,2.04
12.387,1,0.0021,-0.0023,2.6,-2.6,536,0,0,,2.089,,0.002,0.001,2.05
12.492,1,0.002,-0.0022,1.9,-1.8,551,0,0,,2.091,,0.002,0.001,2.05
12.597,1,0.0012,-0.0016,0.6,-0.7,557,0,0,,2.092,,0.001,0.0,2.05
12.702,1,0.0001,-0.0003,-0.8,1.0,548,0,0,,2.094,,-0.0,-0.0,2.05
12.804,1,-0.0016,0.0013,-2.7,2.8,557,0,0,,2.095,,-0.003,-0.001,2.05
12.905,1,-0.0026,0.0024,-3.3,3.4,553,0,0,,2.097,,-0.004,-0.001,2.05
13.006,1,-0.0029,0.003,-2.8,3.4,569,0,0,,2.098,,-0.004,-0.001,2.05
13.106,1,-0.0028,0.0027,-2.1,2.3,562,0,0,,2.099,,-0.004,-0.001,2.05
13.208,1,-0.002,0.0018,-0.7,0.8,563,0,0,,2.098,,-0.003,-0.001,2.05
13.31,1,-0.0007,0.0006,0.9,-0.7,544,0,0,,2.098,,-0.001,-0.001,2.05
13.415,1,0.001,-0.0011,2.8,-2.5,564,0,0,,2.097,,0.001,0.0,2.05
13.52,1,0.0022,-0.0025,3.4,-3.5,551,0,0,,2.094,,0.003,0.001,2.05
13.625,1,0.0024,-0.0028,2.8,-2.8,525,0,0,,2.093,,0.003,0.001,2.05
13.73,1,0.0021,-0.0026,1.7,-2.0,534,0,0,,2.091,,0.003,0.001,2.05
13.835,1,0.0013,-0.002,0.5,-0.9,578,0,0,,2.091,,0.001,0.0,2.05
13.936,1,0.0002,-0.0011,-0.9,0.3,535,0,0,,2.091,,-0.0,-0.0,2.05
14.037,1,-0.0014,0.0009,-2.6,2.7,556,0,0,,2.088,,-0.002,-0.001,2.05
14.142,1,-0.0022,0.002,-2.9,3.4,578,0,0,,2.088,,-0.004,-0.001,2.05
14.247,1,-0.0025,0.0029,-2.5,3.6,549,0,0,,2.088,,-0.005,-0.001,2.05
14.35,1,-0.002,0.0031,-1.4,3.1,606,0,0,,2.086,,-0.004,-0.0,2.04
14.455,1,-0.0014,0.0029,-0.4,2.2,596,0,0,,2.086,,-0.003,0.0,2.04
14.56,1,0.0003,0.0014,1.8,0.1,605,0,0,,2.086,,-0.002,0.001,2.04
14.665,1,0.0015,0.0006,2.7,-0.7,593,0,0,,2.086,,-0.0,0.002,2.04
14.767,1,0.0027,-0.0012,3.6,-2.5,601,0,0,,2.085,,0.002,0.002,2.04
14.872,1,0.0029,-0.0013,2.9,-1.8,598,0,0,,2.085,,0.002,0.002,2.04
14.976,1,0.0024,-0.001,1.7,-0.8,608,0,0,,2.085,,0.002,0.002,2.04
15.077,1,0.0017,-0.0006,0.7,-0.0,602,0,0,,2.083,,0.001,0.001,2.04
15.18,1,0.0004,0.0004,-1.0,1.3,590,0,0,,2.083,,-0.001,0.0,2.04
15.284,1,-0.0012,0.0015,-2.5,2.4,606,0,0,,2.082,,-0.002,-0.0,2.04
15.389,1,-0.0016,0.0015,-2.3,1.9,586,0,0,,2.082,,-0.003,-0.001,2.04
15.489,1,-0.0018,0.0009,-1.8,0.8,611,0,0,,2.082,,-0.003,-0.001,2.04
15.594,1,-0.0015,0.0006,-1.1,0.4,596,0,0,,2.082,,-0.002,-0.001,2.05
15.699,1,-0.0006,-0.0009,0.4,-1.6,539,0,0,,2.082,,-0.001,-0.001,2.05
15.804,1,0.0004,-0.0017,1.5,-2.1,522,0,0,,2.084,,0.001,-0.0,2.05
15.909,1,0.0016,-0.0027,2.5,-2.8,561,0,0,,2.084,,0.002,0.0,2.05
16.01,1,0.002,-0.0029,2.5,-2.4,544,0,0,,2.09,,0.003,0.001,2.05
16.116,1,0.0021,-0.0022,2.0,-1.1,480,0,0,,2.09,,0.002,0.001,2.05
16.221,1,0.0009,-0.0008,0.2,0.9,549,0,0,,2.09,,0.001,0.0,2.05
16.326,1,-0.0005,0.0007,-1.6,2.4,573,0,0,,2.096,,-0.001,-0.0,2.05
16.431,1,-0.0018,0.0022,-2.6,3.7,548,0,0,,2.096,,-0.003,-0.001,2.05
16.532,1,-0.002,0.0023,-2.2,2.8,503,0,0,,2.098,,-0.003,-0.001,2.06
16.637,1,-0.0021,0.0025,-1.8,2.5,495,0,0,,2.098,,-0.003,-0.001,2.06
16.742,1,-0.0015,0.0018,-0.6,1.2,496,0,0,,2.098,,-0.002,-0.001,2.06
16.844,1,0.0,0.0,1.4,-1.3,500,0,0,,2.1,,-0.0,-0.0,2.06
16.949,1,0.0016,-0.0017,3.0,-3.0,497,0,0,,2.1,,0.002,0.0,2.06
17.053,1,0.0024,-0.0024,3.2,-2.9,524,0,0,,2.099,,0.003,0.001,2.05
17.158,1,0.0029,-0.0031,3.1,-3.0,541,0,0,,2.099,,0.003,0.001,2.05
17.26,1,0.0024,-0.0027,1.8,-1.8,546,0,0,,2.095,,0.003,0.001,2.05
17.365,1,0.0019,-0.0022,1.0,-1.0,555,0,0,,2.095,,0.002,0.0,2.05
17.467,1,0.0002,-0.001,-1.2,0.6,560,0,0,,2.095,,-0.0,-0.0,2.05
17.571,1,-0.0016,0.0008,-2.9,2.7,581,0,0,,2.09,,-0.003,-0.001,2.05
17.675,1,-0.0024,0.0013,-3.0,2.5,560,0,0,,2.09,,-0.004,-0.001,2.05
17.78,1,-0.0032,0.0023,-3.3,3.1,543,0,0,,2.086,,-0.005,-0.002,2.05
17.885,1,-0.0026,0.0018,-1.8,1.6,555,0,0,,2.086,,-0.004,-0.001,2.05
17.985,1,-0.0019,0.0011,-0.5,0.4,610,0,0,,2.086,,-0.003,-0.001,2.04
18.09,1,-0.0006,-0.0,1.0,-0.9,585,0,0,,2.084,,-0.001,-0.001,2.04
18.195,1,0.0006,-0.0008,2.2,-1.6,591,0,0,,2.084,,0.001,0.0,2.04
18.301,1,0.0016,-0.0018,2.8,-2.4,605,0,0,,2.082,,0.002,0.0,2.04
18.403,1,0.0015,-0.0012,1.9,-0.9,583,0,0,,2.082,,0.002,0.001,2.04
18.507,1,0.0014,-0.0015,1.3,-1.2,583,0,0,,2.081,,0.001,0.001,2.04
18.608,1,0.0005,0.0003,-0.1,1.5,598,0,0,,2.081,,-0.0,0.0,2.04
18.71,1,-0.0012,0.002,-2.3,3.3,576,0,0,,2.081,,-0.002,-0.0,2.04
18.811,1,-0.0022,0.0027,-2.8,3.4,598,0,0,,2.082,,-0.004,-0.001,2.04
18.913,1,-0.0033,0.0042,-3.7,4.6,618,0,0,,2.082,,-0.006,-0.001,2.04
19.017,1,-0.0039,0.005,-3.7,4.8,545,0,0,,2.084,,-0.007,-0.001,2.05
19.122,1,-0.0036,0.0047,-2.5,3.6,538,0,0,,2.084,,-0.007,-0.001,2.05
19.227,1,-0.0023,0.0035,-0.6,1.7,542,0,0,,2.084,,-0.006,-0.0,2.05
19.332,1,-0.001,0.0026,0.8,0.7,541,0,0,,2.088,,-0.004,0.0,2.05
19.437,1,0.0009,0.0004,2.8,-1.7,567,0,0,,2.088,,-0.001,0.001,2.05
19.542,1,0.0019,-0.0012,3.1,-2.9,528,0,0,,2.093,,0.001,0.001,2.05
19.646,1,0.0024,-0.0032,2.9,-4.4,538,0,0,,2.093,,0.003,0.001,2.05
19.75,1,0.0027,-0.0043,2.5,-4.6,563,0,0,,2.093,,0.004,0.0,2.05
19.853,1,0.002,-0.0046,1.0,-3.8,544,0,0,,2.096,,0.005,-0.0,2.05
19.958,1,0.0005,-0.004,-0.9,-2.2,489,0,0,,2.096,,0.004,-0.001,2.06
20.063,1,-0.0003,-0.0041,-1.5,-2.3,494,0,0,,2.097,,0.003,-0.002,2.06
20.167,1,-0.0016,-0.0024,-2.8,0.2,495,0,0,,2.097,,0.001,-0.003,2.06
20.272,1,-0.0015,-0.0012,-1.9,1.3,527,0,0,,2.1,,-0.0,-0.002,2.06
20.376,1,-0.0009,0.0003,-0.6,2.7,477,0,0,,2.1,,-0.001,-0.001,2.06
20.481,1,0.0001,0.0008,0.8,2.3,503,0,0,,2.1,,-0.001,-0.0,2.06
20.586,1,0.0009,0.0008,1.5,1.5,511,0,0,,2.101,,-0.001,0.001,2.06
20.686,1,0.0014,0.0002,1.8,0.3,561,0,0,,2.101,,-0.0,0.001,2.05
20.792,1,0.001,-0.0005,0.8,-0.6,583,0,0,,2.099,,0.0,0.0,2.05
20.897,1,0.0005,-0.0012,-0.1,-1.4,538,0,0,,2.099,,0.001,-0.0,2.05
21.002,1,-0.0004,-0.0015,-1.1,-1.4,538,0,0,,2.099,,0.001,-0.001,2.05
21.106,1,-0.0011,-0.0019,-1.7,-1.7,555,0,0,,2.093,,0.0,-0.002,2.05
21.211,1,-0.0012,-0.0016,-1.4,-1.0,558,0,0,,2.093,,-0.0,-0.002,2.05
21.315,1,-0.0009,-0.0001,-0.7,1.1,557,0,0,,2.089,,-0.001,-0.001,2.05
21.42,1,-0.0001,0.0007,0.5,1.7,612,0,0,,2.089,,-0.002,0.0,2.04
21.522,1,0.0013,0.002,2.1,2.8,613,0,0,,2.086,,-0.002,0.002,2.04
21.627,1,0.0024,0.0024,3.0,2.7,619,0,0,,2.086,,-0.002,0.003,2.04
21.732,1,0.0032,0.0025,3.3,2.2,604,0,0,,2.086,,-0.002,0.004,2.04
21.837,1,0.0029,0.0018,2.2,0.9,628,0,0,,2.083,,-0.001,0.003,2.04
21.939,1,0.0021,0.001,0.9,-0.0,616,0,0,,2.083,,-0.0,0.002,2.04
22.043,1,0.001,-0.0012,-0.5,-2.7,599,0,0,,2.081,,0.001,0.0,2.04
22.148,1,-0.0005,-0.0022,-2.0,-3.2,605,0,0,,2.081,,0.001,-0.002,2.04
22.253,1,-0.0011,-0.0034,-2.1,-3.9,610,0,0,,2.08,,0.002,-0.003,2.04
22.358,1,-0.0012,-0.0034,-1.6,-2.9,604,0,0,,2.08,,0.002,-0.003,2.04
22.463,1,-0.0009,-0.0029,-0.7,-1.8,608,0,0,,2.08,,0.002,-0.002,2.04
22.569,1,0.0003,-0.0021,1.1,-0.7,601,0,0,,2.082,,0.001,-0.001,2.04
22.672,1,0.0018,-0.0008,2.8,0.9,575,0,0,,2.082,,0.001,0.001,2.04
22.777,1,0.0027,0.0014,3.2,3.3,608,0,0,,2.084,,-0.001,0.003,2.04
22.882,1,0.0028,0.0022,2.8,3.2,601,0,0,,2.084,,-0.002,0.004,2.04
22.986,1,0.0025,0.0022,1.9,2.4,601,0,0,,2.084,,-0.002,0.004,2.04
23.089,1,0.0016,0.0024,0.5,2.1,588,0,0,,2.085,,-0.002,0.003,2.04
23.194,1,0.0002,0.0014,-1.1,0.3,599,0,0,,2.085,,-0.002,0.001,2.04
23.294,1,-0.0012,0.0006,-2.4,-0.6,570,0,0,,2.086,,-0.002,-0.001,2.05
23.399,1,-0.0019,-0.0001,-2.5,-1.1,569,0,0,,2.086,,-0.002,-0.002,2.05
23.504,1,-0.0024,-0.0005,-2.3,-1.2,538,0,0,,2.086,,-0.002,-0.002,2.05
23.609,1,-0.0022,-0.0001,-1.6,-0.3,563,0,0,,2.09,,-0.002,-0.002,2.05
23.714,1,-0.0012,0.0007,-0.0,0.9,573,0,0,,2.09,,-0.002,-0.001,2.05
23.819,1,-0.0005,0.0015,0.8,1.8,503,0,0,,2.093,,-0.002,0.0,2.05
23.922,1,0.0007,0.0021,2.1,2.2,526,0,0,,2.093,,-0.002,0.001,2.05
24.027,1,0.0013,0.0017,2.2,1.3,478,0,0,,2.095,,-0.002,0.002,2.06
24.129,1,0.0009,0.001,1.1,0.2,498,0,0,,2.095,,-0.001,0.001,2.06
24.234,1,-0.0,-0.0002,-0.2,-1.2,501,0,0,,2.095,,-0.001,-0.0,2.06
24.338,1,-0.0012,-0.0012,-1.7,-2.0,494,0,0,,2.097,,-0.0,-0.002,2.06
24.444,1,-0.0024,-0.0012,-2.7,-1.4,518,0,0,,2.097,,0.0,-0.003,2.06
24.549,1,-0.0022,-0.0016,-1.8,-1.5,501,0,0,,2.099,,-0.0,-0.003,2.06
24.654,1,-0.0019,-0.0009,-1.0,-0.3,499,0,0,,2.099,,-0.0,-0.002,2.06
24.759,1,-0.0009,-0.0001,0.4,0.8,477,0,0,,2.1,,-0.001,-0.001,2.06
24.864,1,0.0003,0.0012,1.6,2.1,430,0,0,,2.1,,-0.001,0.0,2.06
24.969,1,0.0012,0.0013,2.3,1.7,509,0,0,,2.1,,-0.001,0.002,2.06
25.073,1,0.0018,0.0011,2.5,1.1,484,0,0,,2.099,,-0.001,0.002,2.06
25.174,1,0.0017,-0.0001,1.8,-0.7,487,0,0,,2.099,,-0.001,0.002,2.06
25.274,1,0.0006,-0.0002,-0.1,-0.6,532,0,0,,2.098,,-0.0,0.0,2.05
25.375,1,-0.0003,-0.0016,-1.1,-2.3,551,0,0,,2.098,,-0.0,-0.001,2.05
25.48,1,-0.001,-0.0022,-1.6,-2.4,563,0,0,,2.098,,-0.001,-0.002,2.05
25.585,1,-0.0018,-0.0008,-2.2,0.0,553,0,0,,2.093,,-0.002,-0.002,2.05
25.69,1,-0.0016,-0.0001,-1.3,0.8,544,0,0,,2.093,,-0.002,-0.001,2.05
25.795,1,-0.0014,0.0013,-0.8,2.4,539,0,0,,2.087,,-0.003,-0.0,2.05
25.9,1,-0.0003,0.0018,0.7,2.3,546,0,0,,2.087,,-0.003,0.0,2.05
26.005,1,0.0013,0.0013,2.5,1.2,537,0,0,,2.084,,-0.002,0.002,2.05
26.11,1,0.0017,0.0009,2.3,0.5,549,0,0,,2.084,,-0.001,0.002,2.05
26.215,1,0.0017,0.0002,1.7,-0.4,606,0,0,,2.084,,0.001,0.001,2.04
26.32,1,0.0015,-0.0017,1.2,-2.7,612,0,0,,2.084,,0.002,0.0,2.04
26.424,1,0.0007,-0.0029,-0.0,-3.5,547,0,0,,2.084,,0.003,-0.001,2.04
26.529,1,-0.0005,-0.0044,-1.3,-4.6,605,0,0,,2.083,,0.003,-0.003,2.04
26.634,1,-0.0015,-0.0048,-2.3,-4.2,605,0,0,,2.083,,0.003,-0.004,2.04
26.738,1,-0.0019,-0.0047,-2.1,-3.4,565,0,0,,2.083,,0.003,-0.004,2.04
26.843,1,-0.0013,-0.0041,-0.9,-2.2,608,0,0,,2.083,,0.002,-0.003,2.04
26.948,1,-0.0003,-0.0031,0.6,-1.0,590,0,0,,2.083,,0.001,-0.002,2.04
27.053,1,0.0008,-0.001,1.9,1.4,549,0,0,,2.084,,0.001,0.0,2.05
27.158,1,0.0017,0.0004,2.4,2.4,534,0,0,,2.084,,-0.001,0.002,2.05
27.263,1,0.0017,0.0023,1.9,3.9,548,0,0,,2.086,,-0.002,0.003,2.05
27.368,1,0.0015,0.0027,1.2,3.2,536,0,0,,2.086,,-0.003,0.003,2.05
27.473,1,0.0007,0.0025,0.1,2.1,553,0,0,,2.086,,-0.003,0.002,2.05
27.578,1,-0.0009,0.002,-1.9,1.0,545,0,0,,2.092,,-0.003,0.0,2.05
27.694,1,-0.0026,0.0012,-3.3,-0.2,559,0,0,,2.092,,-0.003,-0.002,2.05
27.799,1,-0.0033,0.0,-3.5,-1.5,563,0,0,,2.095,,-0.002,-0.003,2.05
27.904,1,-0.0037,-0.0014,-3.3,-2.8,546,0,0,,2.095,,-0.001,-0.004,2.05
28.009,1,-0.0031,-0.0025,-1.9,-3.5,541,0,0,,2.095,,-0.0,-0.004,2.05
28.11,1,-0.0021,-0.0023,-0.5,-2.5,540,0,0,,2.095,,0.0,-0.003,2.05
28.212,1,-0.0011,-0.0017,0.6,-1.2,541,0,0,,2.095,,0.001,-0.002,2.05
28.317,1,0.0007,-0.0006,2.5,0.3,413,0,0,,2.095,,0.001,-0.0,2.05
28.417,1,0.0013,-0.0001,2.4,0.6,566,0,0,,2.095,,0.0,0.001,2.05
28.522,1,0.0017,0.0009,2.2,1.6,574,0,0,,2.095,,-0.001,0.002,2.05
28.626,1,0.0015,0.0015,1.3,1.8,529,0,0,,2.095,,-0.001,0.002,2.05
28.731,1,0.001,0.001,0.3,0.5,558,0,0,,2.095,,-0.002,0.001,2.05
28.833,1,-0.0005,0.0004,-1.5,-0.4,559,0,0,,2.093,,-0.002,-0.0,2.05
28.938,1,-0.0014,-0.0006,-2.3,-1.5,569,0,0,,2.093,,-0.001,-0.002,2.05
29.043,1,-0.0024,-0.0013,-3.0,-2.1,531,0,0,,2.091,,-0.001,-0.003,2.05
29.146,1,-0.0023,-0.0014,-2.3,-1.8,545,0,0,,2.091,,-0.001,-0.003,2.05
29.251,1,-0.0019,-0.001,-1.3,-1.0,547,0,0,,2.091,,-0.001,-0.002,2.05
29.356,1,-0.001,0.0004,-0.1,1.0,543,0,0,,2.09,,-0.002,-0.001,2.05
29.459,1,0.0005,0.0017,1.6,2.3,551,0,0,,2.09,,-0.002,0.001,2.05
29.564,1,0.0019,0.0027,2.9,2.9,537,0,0,,2.089,,-0.002,0.003,2.05
29.669,1,0.0023,0.0034,2.6,3.1,544,0,0,,2.089,,-0.002,0.004,2.05
29.774,1,0.0023,0.0027,1.9,1.5,537,0,0,,2.088,,-0.002,0.003,2.05
29.879,1,0.0013,0.0018,0.3,0.2,582,0,0,,2.088,,-0.002,0.002,2.05
29.984,1,-0.0,0.0005,-1.4,-1.3,539,0,0,,2.088,,-0.001,0.0,2.05
30.089,1,-0.0011,-0.0009,-2.3,-2.6,568,0,0,,2.088,,-0.0,-0.002,2.05
30.19,1,-0.0015,-0.0016,-2.2,-2.8,542,0,0,,2.088,,0.0,-0.002,2.05
30.295,1,-0.0014,-0.0018,-1.5,-2.2,548,0,0,,2.089,,0.0,-0.002,2.05
30.405,1,-0.0008,-0.0013,-0.5,-1.1,569,0,0,,2.089,,-0.0,-0.001,2.05
30.511,1,0.0004,-0.0002,1.0,0.5,553,0,0,,2.092,,-0.0,-0.0,2.05
30.613,1,0.0018,0.001,2.5,1.8,579,0,0,,2.092,,-0.001,0.002,2.05
30.718,1,0.0032,0.0024,3.7,3.0,544,0,0,,2.092,,-0.002,0.004,2.05
30.824,1,0.0037,0.003,3.6,3.1,555,0,0,,2.095,,-0.002,0.005,2.05
30.925,1,0.0035,0.0028,2.6,2.1,521,0,0,,2.095,,-0.002,0.004,2.05
31.03,1,0.0023,0.0022,0.7,1.0,538,0,0,,2.097,,-0.002,0.003,2.05
31.135,1,0.0007,0.0013,-1.2,-0.1,559,0,0,,2.097,,-0.001,0.001,2.05
31.236,1,-0.0014,0.0002,-3.4,-1.2,573,0,0,,2.097,,-0.001,-0.001,2.05
31.341,1,-0.0022,-0.0014,-3.4,-2.9,489,0,0,,2.097,,0.0,-0.003,2.05
31.447,1,-0.0027,-0.002,-3.1,-2.7,553,0,0,,2.097,,0.0,-0.003,2.05
31.547,1,-0.0022,-0.0025,-1.6,-2.7,568,0,0,,2.094,,0.001,-0.003,2.05
31.652,1,-0.0014,-0.0019,-0.3,-1.4,534,0,0,,2.094,,0.0,-0.002,2.05
31.757,1,-0.0003,-0.0008,0.9,0.2,564,0,0,,2.094,,-0.0,-0.001,2.05
31.862,1,0.0012,0.0002,2.5,1.3,559,0,0,,2.092,,-0.001,0.001,2.05
31.967,1,0.0022,0.0008,3.1,1.6,569,0,0,,2.092,,-0.001,0.002,2.05
32.071,1,0.002,0.0016,2.0,2.2,562,0,0,,2.089,,-0.002,0.002,2.05
32.175,1,0.0017,0.0009,1.2,0.6,552,0,0,,2.089,,-0.002,0.002,2.05
32.276,1,0.0002,0.0007,-1.0,0.2,545,0,0,,2.087,,-0.002,0.0,2.05
32.376,1,-0.001,-0.0004,-2.1,-1.2,523,0,0,,2.087,,-0.001,-0.001,2.05
32.477,1,-0.0022,-0.0015,-3.1,-2.3,546,0,0,,2.087,,-0.001,-0.003,2.05
32.582,1,-0.0025,-0.0015,-2.7,-1.8,552,0,0,,2.087,,-0.001,-0.003,2.05
32.687,1,-0.0024,-0.0012,-2.0,-1.0,521,0,0,,2.087,,-0.001,-0.003,2.05
32.791,1,-0.0014,-0.0004,-0.3,0.3,540,0,0,,2.089,,-0.001,-0.001,2.05
32.897,1,-0.0009,0.0022,0.1,3.5,584,0,0,,2.089,,-0.003,0.0,2.04
32.999,1,-0.0003,0.0044,0.7,5.5,596,0,0,,2.089,,-0.004,0.002,2.04
33.101,1,0.0005,0.0057,1.4,5.9,591,0,0,,2.091,,-0.005,0.003,2.04
33.205,1,0.0004,0.0067,0.7,6.1,577,0,0,,2.091,,-0.006,0.004,2.04
33.31,1,-0.0,0.0067,-0.1,5.1,574,0,0,,2.09,,-0.006,0.003,2.04
33.41,1,-0.0008,0.0062,-1.1,3.9,597,0,0,,2.09,,-0.007,0.002,2.04
33.516,1,-0.0021,0.0056,-2.7,2.9,616,0,0,,2.09,,-0.007,0.001,2.04
33.621,1,-0.0026,0.0041,-2.8,1.2,619,0,0,,2.087,,-0.006,-0.0,2.04
33.726,1,-0.0022,0.0024,-1.7,-0.4,584,0,0,,2.087,,-0.005,-0.001,2.04
33.831,1,-0.0017,0.0004,-0.8,-2.1,604,0,0,,2.083,,-0.002,-0.001,2.04
33.936,1,-0.0005,-0.0018,0.6,-3.9,607,0,0,,2.083,,0.0,-0.001,2.04
34.041,1,0.0016,-0.0039,2.9,-5.1,613,0,0,,2.081,,0.003,-0.001,2.04
34.145,1,0.0028,-0.005,3.6,-5.1,614,0,0,,2.081,,0.005,-0.0,2.04
34.245,1,0.0033,-0.0055,3.3,-4.4,610,0,0,,2.081,,0.006,0.0,2.04
34.349,1,0.0031,-0.0051,2.3,-3.0,613,0,0,,2.082,,0.005,0.0,2.04
34.454,1,0.0023,-0.0043,0.8,-1.5,552,0,0,,2.082,,0.004,-0.0,2.05
34.558,1,0.001,-0.0032,-0.8,-0.2,555,0,0,,2.084,,0.003,-0.001,2.05
34.663,1,-0.0008,-0.0013,-2.7,1.8,529,0,0,,2.084,,0.0,-0.001,2.05
34.768,1,-0.0023,0.0006,-3.8,3.5,541,0,0,,2.089,,-0.002,-0.002,2.05
34.873,1,-0.0036,0.0029,-4.5,5.4,563,0,0,,2.089,,-0.005,-0.002,2.05
34.978,1,-0.0037,0.0037,-3.7,4.9,566,0,0,,2.089,,-0.005,-0.002,2.05
35.079,1,-0.0031,0.0036,-2.2,3.7,575,0,0,,2.094,,-0.005,-0.001,2.05
35.18,1,-0.0017,0.0021,-0.1,1.1,538,0,0,,2.094,,-0.004,-0.001,2.05
35.285,1,0.0001,0.0005,1.9,-1.0,551,0,0,,2.097,,-0.001,0.0,2.05
35.389,1,0.0018,-0.0009,3.3,-2.1,569,0,0,,2.097,,0.002,0.001,2.05
35.49,1,0.0027,-0.0016,3.4,-2.2,486,0,0,,2.097,,0.003,0.001,2.06
35.595,1,0.0031,-0.003,3.0,-3.3,494,0,0,,2.099,,0.004,0.001,2.06
35.7,1,0.0025,-0.0027,1.5,-2.1,502,0,0,,2.099,,0.003,0.001,2.05
35.805,1,0.002,-0.0019,0.6,-0.5,559,0,0,,2.1,,0.002,0.0,2.05
35.91,1,0.0005,-0.0009,-1.1,0.7,517,0,0,,2.1,,0.001,-0.0,2.05
36.015,1,-0.001,0.0006,-2.7,2.3,562,0,0,,2.097,,-0.002,-0.001,2.05
36.12,1,-0.0021,0.0011,-3.3,2.4,524,0,0,,2.097,,-0.003,-0.001,2.05
36.222,1,-0.002,0.0001,-2.3,0.4,551,0,0,,2.097,,-0.003,-0.002,2.05
36.327,1,-0.0018,0.0006,-1.5,1.0,559,0,0,,2.093,,-0.003,-0.001,2.05
36.432,1,-0.0011,-0.0007,-0.5,-0.9,563,0,0,,2.093,,-0.002,-0.001,2.05
36.537,1,-0.0003,-0.0007,0.5,-0.6,513,0,0,,2.09,,-0.001,-0.001,2.05
36.64,1,0.0007,-0.0014,1.4,-1.3,554,0,0,,2.09,,0.0,0.0,2.05
36.743,1,0.0011,-0.0013,1.4,-0.8,560,0,0,,2.09,,0.0,0.0,2.05
36.847,1,0.0007,-0.0,0.5,1.0,581,0,0,,2.088,,-0.001,0.0,2.04
36.952,1,-0.0002,0.0013,-0.9,2.5,564,0,0,,2.088,,-0.002,0.0,2.04
37.057,1,-0.0008,0.0019,-1.5,2.6,587,0,0,,2.086,,-0.003,-0.0,2.04
37.162,1,-0.0012,0.0024,-1.7,2.7,605,0,0,,2.086,,-0.003,-0.0,2.04
37.268,1,-0.0004,0.0011,-0.3,0.6,564,0,0,,2.083,,-0.002,0.0,2.04
37.37,1,0.0003,0.0008,0.6,0.2,603,0,0,,2.083,,-0.001,0.0,2.04
37.472,1,0.0011,0.0001,1.4,-0.5,613,0,0,,2.083,,0.001,0.001,2.04
37.577,1,0.002,-0.0016,2.2,-2.4,598,0,0,,2.083,,0.002,0.001,2.04
37.679,1,0.002,-0.0022,1.6,-2.4,618,0,0,,2.083,,0.002,0.001,2.04
37.781,1,0.0013,-0.002,0.4,-1.5,603,0,0,,2.083,,0.002,0.0,2.04
37.886,1,0.0004,-0.0015,-0.8,-0.6,595,0,0,,2.083,,0.0,-0.001,2.04
37.988,1,-0.0004,-0.001,-1.5,0.1,606,0,0,,2.083,,-0.001,-0.001,2.04
38.093,1,-0.0008,0.0007,-1.6,2.2,596,0,0,,2.084,,-0.002,-0.0,2.04
38.198,1,-0.0006,0.0013,-0.9,2.4,581,0,0,,2.084,,-0.003,0.0,2.04
38.3,1,-0.0003,0.0023,-0.3,3.1,600,0,0,,2.085,,-0.003,0.001,2.04
38.403,1,0.0008,0.002,1.1,2.1,549,0,0,,2.085,,-0.003,0.002,2.05
38.504,1,0.0017,0.0018,2.1,1.5,541,0,0,,2.085,,-0.002,0.002,2.05
38.609,1,0.0019,0.001,1.8,0.3,531,0,0,,2.087,,-0.001,0.002,2.05
38.71,1,0.0015,-0.0003,0.8,-1.2,482,0,0,,2.087,,0.0,0.001,2.05
38.815,1,0.0013,-0.0016,0.6,-2.4,521,0,0,,2.09,,0.001,0.0,2.05
38.92,1,0.0003,-0.0019,-0.8,-2.0,535,0,0,,2.09,,0.001,-0.001,2.05
39.025,1,-0.0011,-0.0022,-2.3,-1.8,546,0,0,,2.094,,0.001,-0.002,2.05
39.13,1,-0.0018,-0.001,-2.5,0.1,584,0,0,,2.094,,-0.0,-0.002,2.05
39.235,1,-0.0019,0.0003,-2.1,1.7,573,0,0,,2.094,,-0.002,-0.002,2.05
39.34,1,-0.0017,0.0012,-1.4,2.4,563,0,0,,2.097,,-0.002,-0.001,2.05
39.442,1,-0.0013,0.002,-0.6,2.9,564,0,0,,2.097,,-0.002,-0.0,2.05
39.547,1,0.0003,0.0013,1.5,1.3,528,0,0,,2.099,,-0.002,0.001,2.05
39.652,1,0.0019,0.0006,3.0,0.2,561,0,0,,2.099,,-0.0,0.002,2.05
39.757,1,0.0027,-0.0009,3.2,-1.6,484,0,0,,2.099,,0.001,0.002,2.05
39.861,1,0.0037,-0.0021,3.7,-2.6,550,0,0,,2.097,,0.003,0.002,2.05
39.966,1,0.004,-0.0032,3.4,-3.3,507,0,0,,2.097,,0.003,0.002,2.05
